id,name,email,address,date_joined
1,Ryan Rodriguez,tshields@example.com,"3308 Taylor Divide South Anna, MN 13783",2022-09-08
2,John Sandoval,harringtonann@example.com,"13907 Jones Drives Apt. 865 West Staceyton, PW 54095",2020-12-10
3,Sarah Gibson,vhunt@example.net,"4551 John Radial North Alyssa, TX 03527",2023-06-11
4,Jennifer Farmer,jasonruiz@example.net,"936 John Parkway South Christopherbury, IN 08670",2024-09-08
5,Tina Allen,kimpadilla@example.org,"879 Jeff Fields Suite 283 New Duaneside, OR 08146",2022-02-08
6,Victoria Lin,galvarado@example.org,"991 Elizabeth Shore Apt. 134 Myersmouth, TX 88745",2024-10-06
7,Wayne Hopkins,ericpatel@example.net,"37641 David Bridge Lake Edward, VT 52161",2023-01-28
8,Jennifer Klein,jacobskara@example.net,"0098 Joshua Spurs South Bradley, MA 75020",2021-06-06
9,Jacqueline Young,michaeledwards@example.com,USNV Jordan FPO AE 77999,2024-10-03
10,Debbie Williams,fsmith@example.com,"91407 Fleming Pines Suite 022 Port Sara, MD 36546",2022-10-19
11,Stephen Torres,wongashley@example.com,"557 Castillo Street Suite 860 Port Cody, NH 10248",2020-09-06
12,Brandon Jones,huangvictoria@example.org,"424 Williams Way Suite 597 Port Paul, ME 77194",2022-02-17
13,Jennifer Richardson,fordmarc@example.net,"8131 Nathaniel Passage Lake James, OH 34786",2020-06-30
14,Jason Bowen,huynhmatthew@example.org,"727 Jessica Union Weissmouth, VT 87095",2023-08-10
15,Charles Rivera,mnichols@example.org,"442 Norris Walk Suite 909 Hughesview, ME 21807",2021-01-23
16,Shannon Norris,wadeamanda@example.com,"95153 Gonzalez Key Dylanbury, OR 44058",2020-02-27
17,Cameron Rogers,browndoris@example.net,"2223 Daniel Groves Wellschester, IL 28836",2024-07-05
18,Jessica Craig,rodney08@example.org,USNV Harris FPO AE 92417,2020-08-24
19,Alyssa Erickson,hobbsbrenda@example.net,"428 Hicks Parks Suite 477 South Markside, NM 49527",2020-10-23
20,Ashley Snyder,lindalong@example.net,"41465 Valdez Wall Sandersfurt, NV 02908",2024-07-18
21,Susan Jackson,gregorymeyer@example.org,"95330 Cook Forges Suite 212 Port Dennisport, ND 78059",2020-09-13
22,Brianna Cruz,bbell@example.com,"29115 Banks Forge Port Amanda, TN 76429",2020-02-02
23,Alexandra Parker,smcguire@example.com,"27676 James Wells Suite 021 Geneburgh, AL 35196",2022-02-21
24,Ellen Scott,ryan97@example.net,"897 Mora Light Suite 643 Liport, NM 28808",2022-03-14
25,Lori Young,michael82@example.net,"65493 Foster Keys Suite 044 Lake Mark, VI 59468",2020-02-04
26,Craig Bryan,patelandrew@example.com,"09434 Young Club Apt. 850 Justinview, MO 65819",2022-04-20
27,Michelle Williams,ewarren@example.net,"098 Stacy Springs Apt. 612 Jessicabury, MD 11511",2023-10-12
28,Amanda Johnston,billy00@example.org,"443 Thornton Vista Haroldside, AR 96155",2024-06-18
29,Samantha Smith,kathleen32@example.org,"63056 Gardner Neck Toniland, MP 32181",2023-10-17
30,Erica Blanchard,harrelldaniel@example.com,"5275 Brown Crossroad Apt. 714 Lake Toniland, NC 55920",2021-04-27
31,Michael Koch,msuarez@example.net,"712 Sally Estates Jacquelineborough, RI 51151",2020-03-31
32,Richard Watkins,ramirezjacqueline@example.com,"PSC 8534, Box 4010 APO AA 78168",2021-07-18
33,Kevin Edwards,wardsarah@example.com,"348 Ariel Hill Suite 447 South Carolmouth, WV 78566",2022-09-11
34,Richard Montoya,zhall@example.org,Unit 2138 Box 5327 DPO AP 63473,2023-02-27
35,Jennifer Dudley,lgardner@example.org,USCGC Bass FPO AA 25830,2022-04-29
36,Heather Esparza,xhughes@example.com,"14343 Golden Centers Suite 366 West Jordanport, AZ 26784",2023-08-15
37,Kyle Smith,joshuafry@example.org,"282 Jake Manors New Kevin, AK 82799",2020-10-15
38,Lisa Jenkins,ncarr@example.net,"8260 Pace Causeway Apt. 319 Garcialand, GA 95148",2023-05-30
39,James Massey,jerrymacdonald@example.org,"506 Sharon Spur Mariaburgh, HI 99397",2021-06-01
40,Robert Whitney,tiffanycox@example.net,"9064 Hendrix Parkways West Reginafort, PW 87268",2020-01-07
41,Kimberly Townsend,swashington@example.com,"0096 Jacob Lights Apt. 957 North Bonnieland, AZ 03273",2024-07-29
42,Elizabeth Reyes,bpark@example.org,Unit 7714 Box 7013 DPO AE 01313,2023-11-08
43,Jonathan Bass,tiffanyrodgers@example.org,"38416 Ross Bypass Port Keithborough, DE 73993",2023-03-14
44,Eric Palmer,bellandre@example.com,"22376 Torres Mount North Ivan, MA 64898",2023-02-16
45,Jeffrey Peterson,kari35@example.org,"23274 Tara Points Lake Charlesfurt, NH 17209",2021-01-13
46,Nicole Diaz,timothyturner@example.org,"852 Amy Tunnel Apt. 021 South Kenneth, DE 70834",2021-03-26
47,Angel Hamilton,lmarquez@example.net,"3799 Gilbert Lane Suite 274 East Sheilaville, MT 19067",2022-02-25
48,Levi Reed,gparker@example.com,"5238 Kara Gateway South Mark, AL 05982",2021-10-07
49,Jesse Lee,ymartinez@example.org,"560 Peter Flat Apt. 417 Cohenhaven, ME 37849",2023-12-28
50,Kenneth Miller,antoniotorres@example.com,"537 Sarah Ridges Elizabethland, SC 77143",2021-04-11
51,David Reid,shannonwoods@example.net,"34832 Smith Route Kristenville, LA 36376",2022-09-21
52,Terry Mooney,ulin@example.net,"817 Stanley Mountain Suite 337 South Angelicachester, ID 68645",2021-12-23
53,Donna Smith,mcculloughrobert@example.net,"8934 Victoria Plains New Melissaland, PW 17406",2023-10-22
54,Jose Howard,wrich@example.org,"847 Brian Loop Michaelside, WV 23720",2020-08-09
55,Crystal Dillon,rkelly@example.org,Unit 3797 Box 2015 DPO AA 70369,2023-01-11
56,Michael Green,bmurphy@example.org,"31115 Sherri Plaza Lake Amber, MN 83677",2022-02-16
57,Kimberly Baker,danielle06@example.net,"93519 Deanna Station Archerfort, OR 05615",2020-02-20
58,Lucas Allen,richardgordon@example.net,"5501 Amanda Track Apt. 654 West Christophershire, KS 68123",2020-06-07
59,Deborah Mejia,mariarobinson@example.net,"PSC 5489, Box 3817 APO AP 62521",2020-04-26
60,Christopher Adams,david42@example.org,"42755 Simmons Mews Knoxborough, UT 37976",2023-10-28
61,Andrea Robinson,krobinson@example.com,"15169 Jennifer Falls Lake Steve, MN 41220",2021-08-16
62,Samuel Adams,tanner30@example.org,"523 Denise Cape Apt. 391 Rogerhaven, NM 20096",2024-10-08
63,Patrick Little,elizabeth05@example.net,"016 Evans Plaza Harperberg, ND 84193",2020-11-14
64,Jennifer Martinez,debra91@example.net,"928 Jensen Valleys Calebton, CT 90103",2023-12-22
65,Denise Weaver,jessicastanton@example.org,"314 Lucas Bridge Lindseyview, NC 08928",2021-12-30
66,Jaime Baxter,lmcpherson@example.net,"27150 Cody Prairie Morrisberg, AL 61813",2023-11-20
67,Michael Spencer,kurtwilson@example.net,"7364 Renee Common Brandonport, PA 58601",2024-05-28
68,Toni Rogers,mgarrison@example.org,"692 Gallagher Centers Apt. 927 South David, CO 03348",2020-08-03
69,Thomas Robinson,emitchell@example.com,"2211 Brian Junction Johnsonville, MI 57580",2021-01-31
70,Keith Ruiz,gomezmallory@example.net,"37317 Owens Shores Lake Gloriaview, ND 59889",2021-11-03
71,Shane Phillips,sknight@example.com,Unit 0868 Box 2511 DPO AP 95044,2024-06-02
72,Shannon Medina,laurawilliams@example.com,Unit 6384 Box 3804 DPO AE 83631,2023-07-08
73,Jennifer Beck,michaelcarr@example.net,"5497 Allison Roads Apt. 993 North Brianhaven, WV 28673",2021-03-02
74,Eric Pearson,matthew59@example.org,"565 Hoffman Garden Josephville, AK 74681",2022-02-16
75,Heidi Rhodes,dominique20@example.org,"31353 Rosario Forest Suite 792 Benjaminchester, DC 18071",2022-03-30
76,Jeffrey Ingram,guyhumphrey@example.org,"44869 Anderson Island Suite 773 South Amy, NC 59682",2022-05-25
77,Gail Jones,roberta57@example.net,"2357 Judith Ville Suite 736 New Amandatown, RI 35355",2020-09-05
78,Richard Ray,thomassmith@example.org,"80892 Emily Ridge Apt. 974 Hayesmouth, DE 33435",2023-03-17
79,Albert Sexton,vyork@example.net,"978 Davis Plains Juliaborough, GA 51734",2024-07-31
80,Priscilla Nguyen,nicole36@example.net,"758 Kane Brook Harrisfort, PW 75785",2020-08-06
81,Leslie Hampton,tara28@example.com,"60256 Ariel Manor Brendanberg, ID 79449",2020-08-15
82,Joseph Rivera,danielfreeman@example.net,"5367 Sherry Flat Lake Alanborough, GA 19299",2023-12-30
83,Anita Robinson,williamfigueroa@example.com,"549 Williams Island Brownberg, MP 05277",2022-11-25
84,Kathleen Richardson,nicolewashington@example.net,"8161 Mejia Keys Apt. 469 Deborahtown, OH 43079",2020-05-30
85,Shane Parrish,hunterandrea@example.net,"9129 Ryan Ridges Danielsbury, MP 37798",2023-09-04
86,Linda Daniels,csutton@example.com,"9292 Duffy Shoal Maryberg, MO 57333",2023-12-06
87,Judy Willis,vsmith@example.com,"8070 Cheryl Run Suite 966 Jasonberg, SC 46531",2021-11-10
88,Kevin Cooper,brenda15@example.com,"35616 Sarah Groves Apt. 728 Lake Jessicachester, ND 72334",2021-10-22
89,Joel Snyder,zhaas@example.org,"407 Brandon Mission North Patriciaview, MT 62881",2024-08-07
90,George Martin,vanessacarlson@example.net,"480 Graham Valley Suite 018 Stephanieberg, CA 14190",2020-08-12
91,Jessica Raymond,ebrady@example.com,"913 Mario Knoll New Mariaville, KS 93810",2024-05-27
92,Amanda Jones,dylan59@example.net,"032 Courtney Meadow Apt. 516 Rosalesview, AL 48232",2021-06-01
93,Cheryl Johnson MD,danieloconnor@example.com,"8910 Robertson Brooks South Juliaberg, AL 62776",2021-07-14
94,David Calhoun,brentli@example.net,"1396 Cortez Lakes Cookburgh, UT 67002",2024-05-03
95,Kimberly Alvarez,pricemichael@example.org,"83788 Tracy Falls East Erin, NY 44024",2022-07-17
96,John Carr,millerbarry@example.org,"268 Michelle Turnpike Lake Eric, SC 85653",2020-03-18
97,Gabriel Daniels,nicholaspatterson@example.net,"08720 Black River Suite 861 East Andrewborough, WV 35914",2021-06-05
98,Amy Johnson,onovak@example.com,"PSC 1565, Box 8340 APO AP 26197",2020-02-20
99,Melanie Lewis,petersonteresa@example.com,"641 Amanda Path Port Rogershire, MD 57422",2024-08-01
100,Katie Case,daniel67@example.net,"208 Monica Well North Michael, UT 59144",2022-05-06
101,Mary Garcia,donaldcrawford@example.com,USS Dunn FPO AP 83960,2021-02-19
102,Jeffrey Hernandez,lowejohn@example.org,"61282 Steven Track Kristophershire, DE 73063",2020-04-26
103,Ronald Johnson,cwatson@example.net,"94753 Sanchez Junctions Suite 846 South Samanthachester, CO 18855",2021-06-15
104,Tonya Atkinson,ucarter@example.com,USCGC Rodriguez FPO AA 62574,2024-07-07
105,Edward Hardy,joanlopez@example.net,"9446 Beth Lake Meyersport, AL 83787",2020-03-22
106,Mary Tyler,dustintaylor@example.com,"9468 Abigail Haven Suite 419 Stewartchester, WY 52239",2021-05-25
107,Justin Walker,michaelalexander@example.net,"496 Barron Fork Lewisside, LA 14074",2020-08-27
108,Laura Thomas,kim48@example.org,"51771 Lisa Fork Apt. 781 Taylortown, NC 47174",2021-07-12
109,Nicholas Watson,peggywall@example.org,"25405 Cook Views Apt. 387 Lauramouth, IN 05047",2020-02-19
110,David Lozano,mollythomas@example.net,"94174 Kevin Ramp Marthachester, CO 34134",2023-10-13
111,Carolyn Monroe,richardcarrillo@example.org,"8958 Sparks Pass Suite 845 Wesleyview, MO 88018",2023-06-30
112,Natalie Conner,nkelly@example.com,"228 Hill Plains Apt. 673 East Robert, PW 78891",2020-11-15
113,Tony Macias,scottkeith@example.com,"61594 Antonio Glen Vaughanhaven, NJ 99361",2020-03-17
114,Tanya Jones,charlesaguilar@example.com,"52580 Terry Passage Hillhaven, NY 84324",2021-01-13
115,Crystal Wu,kentmelissa@example.net,"4769 Samuel Loop Melissaborough, HI 44496",2020-05-02
116,Eric Li,ssmith@example.org,"82046 Garrison Cove Apt. 624 Ronaldview, TX 44259",2020-07-13
117,Anthony Davenport,julieramirez@example.org,"PSC 9872, Box 3931 APO AE 40726",2024-09-17
118,Teresa Hernandez,kelly18@example.net,USS Rodriguez FPO AA 35728,2020-12-20
119,Robert Whitney,monique35@example.com,"5612 Kirk Radial Suite 940 East Samantha, OR 03108",2024-09-26
120,Tina Austin,hudsonpeggy@example.org,Unit 7091 Box 2010 DPO AP 98829,2022-06-29
121,Kelly Salazar,johnsonrobert@example.net,"05937 Ricky Shoals Apt. 100 New Andreborough, CT 20545",2022-05-16
122,Tracy Larson,stephen98@example.org,"5954 Perry Union Apt. 242 Cookstad, AL 90353",2021-04-03
123,Emily Burton,osmith@example.net,"842 Bryan Common Suite 037 West Joseph, MH 13804",2020-01-22
124,Judy Barajas,jasonallen@example.net,"16723 Stephanie Shoal Lake Dawn, OK 75546",2021-04-24
125,Joanna Collier,steve16@example.com,"189 Krista Coves Port Keithport, WY 63268",2022-03-05
126,Lori Burton,zkeller@example.com,"489 Contreras View Mayport, UT 54577",2021-05-02
127,Jennifer Mcneil,tamarapeterson@example.com,"8709 Christopher Mountains Apt. 471 Clarkstad, CT 59402",2022-07-14
128,Leah Smith,kandrews@example.net,"3920 Bridges Oval Suite 694 Alyssaberg, NH 11869",2021-02-03
129,Angela Johnson,kelsey67@example.net,"7150 Cynthia Forge Suite 543 Mitchellville, VI 01576",2023-04-07
130,Marissa Hill,angelicarandall@example.com,"660 Young Station Apt. 472 Matthewview, AL 74583",2024-05-09
131,Brittany Baldwin,jordanchristine@example.net,"3166 Alexandria Forge Sellerstown, AK 14097",2022-05-19
132,Brandy Lopez,alison71@example.org,"33878 Kyle Knolls Apt. 431 Robinsonland, MS 14189",2023-08-30
133,Ashley Roberts,lmyers@example.net,"8504 Lester Walk Apt. 376 Port Saratown, AL 05037",2021-02-02
134,Paul Day,staceyhampton@example.net,"426 Gina Mall North Robert, MO 82865",2022-04-30
135,William Myers,phillipsstephanie@example.net,"984 Dawn Crest Suite 020 New Kristine, NV 39497",2024-07-21
136,Carolyn Robertson,carlagonzalez@example.com,"3126 Hart Stream Davidside, FL 80001",2020-08-08
137,Danielle Murray,etaylor@example.com,"27212 Valerie Canyon Apt. 109 South Brian, OK 59357",2020-06-30
138,Natasha Smith,michael21@example.org,"0653 Adams View Katherinefort, MI 87877",2023-12-22
139,Hailey Hernandez,pcastro@example.net,"9654 Jennifer Roads Michelletown, KS 03684",2024-06-20
140,Heidi Webb,lbruce@example.org,"588 Sheena Village South James, MP 50384",2022-01-11
141,Shelly Stafford,pruiz@example.net,"1606 Christopher Rue Apt. 423 Lake Jamesstad, OH 14467",2021-02-20
142,Allen Boyd,howardsandy@example.com,"354 Woods Terrace Apt. 593 Schneidermouth, VT 75985",2024-06-29
143,Jacqueline Pope,jacobdavis@example.com,"98058 Doyle Keys Randyland, KY 20338",2024-08-10
144,Alex Lewis,rodriguezjessica@example.org,"7248 Flores Crescent Campbellbury, IN 98648",2020-07-20
145,Charles Dougherty,williamwilliams@example.com,"436 Jackson Spurs Lake Ashleymouth, PW 55419",2023-08-22
146,Sonya Clark,melissa06@example.com,"24570 Blair Course Suite 158 Meganmouth, SC 44016",2024-05-31
147,Jose Sims,ronald25@example.org,"2089 Sharp Highway Apt. 195 Port Christina, NV 56014",2023-07-08
148,Michelle Wilson,erinsmith@example.org,"719 Brian Islands Suite 095 West Melinda, MH 29581",2021-12-01
149,Dwayne Martin,emilywelch@example.net,"01696 Rogers Camp Suite 648 Delgadoberg, AK 67598",2024-09-25
150,Zachary Henry,andersonrobert@example.org,"426 Allison Court Apt. 729 Port Justinberg, MN 11716",2024-02-10
151,David Kirk,bshaffer@example.net,"06572 Hudson Dam Apt. 856 Esparzaland, OK 18815",2020-06-07
152,Donald Gibson,irios@example.net,Unit 3350 Box 2965 DPO AA 41822,2022-05-24
153,Andrew Cunningham,rosariolindsey@example.net,"797 Stephanie Corners Suite 975 South Jamesland, IN 79823",2023-01-05
154,Jesus Tanner,amy46@example.net,"654 Jones Manors Karenmouth, OK 73719",2021-04-13
155,Samuel King,holly32@example.org,"4382 Janice Field Port Kristen, AK 60983",2022-12-11
156,Jonathan Cox,emilylong@example.com,"532 Randolph Ramp Apt. 592 Danielton, KS 46247",2024-10-06
157,Danielle Foster,reyesmichael@example.net,"91366 Gomez Bridge Suite 519 Williammouth, OK 87783",2022-08-22
158,Alexis Collins,jessicavelazquez@example.net,"5400 Conrad Fords Riveraton, MS 84574",2021-12-07
159,Laura Johnson,bowersmariah@example.org,"2262 Jessica Freeway Hurstfort, SC 14314",2023-01-04
160,Deborah Khan,amberevans@example.net,"15785 Rubio Gateway Apt. 453 Shepardhaven, MA 68009",2022-10-29
161,Mr. Jermaine Clark,graystacey@example.com,"1368 Shaw Divide Lake Jesse, IL 26397",2020-05-26
162,Kevin Floyd,stephanie73@example.net,"938 Joel Pines New Dalestad, SD 01146",2022-12-20
163,Stephanie Fleming,sarnold@example.org,"200 Jeanne Junction Apt. 977 Charleston, PR 82523",2021-11-19
164,Albert Williams,qmccormick@example.com,"45284 Smith Harbor Apt. 220 South Jennifer, TX 59518",2022-12-12
165,Tony Martin,wmccormick@example.net,"958 Wilson Throughway Apt. 636 East Kelly, MT 12061",2021-05-24
166,Steven Rush DVM,angela05@example.com,"04893 John Glen Whitechester, TN 31471",2021-01-26
167,Aaron Hardy,sarah28@example.com,"11747 James Manors New Colleenburgh, WA 98393",2021-10-24
168,Paula Davis,austinblake@example.com,"8336 Walker Ford West Gregoryfort, AS 44816",2020-08-27
169,Tasha Graham,andreabarron@example.net,"30469 Stout Walks Saraport, PW 83414",2021-01-15
170,Sydney Howard,elliottanna@example.org,"57603 West Port Apt. 352 Wheelerton, MS 37736",2022-06-14
171,Tabitha Russell,kimberlywilson@example.com,"00191 Dunn Pass Suite 377 West Kaylamouth, NH 95112",2020-06-21
172,Christian Dawson,angela22@example.net,"2143 Andrew Square East Angelafort, NC 90984",2023-09-25
173,Ryan Paul,dsnyder@example.com,"3302 Montoya Valley Salazarbury, CO 84110",2022-03-07
174,Mark Fleming,davidmurray@example.net,"7708 Madison Trafficway Suite 039 Toddburgh, VA 54837",2023-07-04
175,Elizabeth Johnson,hdouglas@example.org,"924 Kathleen Squares East Megantown, ND 61976",2023-05-26
176,Charles Evans,corybond@example.net,"07047 Melissa Vista Jordanmouth, AZ 24465",2021-05-20
177,Christine Kim,baileymelanie@example.org,"5343 Debra Streets Mirandaborough, AS 05328",2020-01-29
178,Ryan Anderson,vvaldez@example.com,"19055 Robinson Way North Feliciabury, WA 96170",2023-03-10
179,Tracie Price,canderson@example.org,"616 Williamson Junction Suite 545 Port Natashamouth, MN 84007",2023-11-09
180,Heather Sanchez,kfisher@example.com,"0945 Brittany Harbor West James, OK 61847",2024-01-08
181,Donald Rios,brownjason@example.com,"415 Acevedo Isle Port Natalie, FL 14510",2023-11-05
182,Elijah Burton,rgriffin@example.org,"27152 Adam Mission Suite 005 Lake Hollyberg, NV 26850",2020-08-16
183,Bonnie Brown,ubrewer@example.net,"3438 Townsend Parks Fordfort, ID 71110",2021-01-15
184,Dale Sutton,anthonyharrison@example.org,"7315 Byrd Brooks Suite 799 Riggsland, LA 08785",2022-09-05
185,Emily Price,michael31@example.net,"280 Hardy Neck Rachelview, CO 75029",2022-04-12
186,Teresa Ortiz,halexander@example.net,"53153 Brent Course North Michaelfurt, PA 86287",2021-01-25
187,Jessica Donovan,scott45@example.com,"2345 Richard Lake Lake Chelseamouth, IN 95229",2020-01-07
188,Shawn Daniel,jvelazquez@example.org,"2366 Rasmussen Passage Apt. 937 Christyburgh, IA 48081",2020-03-31
189,Jason Wheeler,linda62@example.net,"93117 Anderson Harbor Port Lindaton, NJ 61623",2021-01-29
190,Jeffrey Christensen,psmith@example.org,"793 Darrell Alley Paulfurt, WY 45969",2023-12-29
191,Kenneth Kelley,toni92@example.com,"22169 Smith Drives Annettefort, IL 03430",2021-01-10
192,Dr. Michaela Hill,rfitzpatrick@example.com,Unit 2640 Box 6124 DPO AA 49451,2022-10-25
193,Kelly Garza,michaelcaldwell@example.com,"PSC 9339, Box 5023 APO AA 77691",2021-05-23
194,Benjamin Cox,dreed@example.com,"2913 Joshua Expressway Walkermouth, KY 47181",2021-06-29
195,Christine Brock,gibbscharles@example.net,"49920 Lauren Key Apt. 175 Jamesmouth, SD 74353",2021-03-29
196,James Turner,brownkimberly@example.org,"0705 Lindsey Plains Suite 929 Brownfurt, CT 02503",2023-03-23
197,Gavin Johnson,evanhensley@example.org,"78110 James Rapids Apt. 669 New Jenniferbury, MO 21202",2022-07-25
198,Matthew Hardin,jonathan64@example.net,"773 Wade Landing Apt. 462 West Kellyton, AK 64534",2020-09-30
199,Timothy Williamson,williamcurry@example.net,"66531 Joseph Course Ruizchester, WY 25882",2023-09-18
200,Keith Smith,michael26@example.com,"030 Karen Crossroad Timothyberg, WA 70654",2024-05-26
201,Mario Johnson,nancyford@example.net,"81860 Chelsea Circle Ryanview, MA 66005",2023-07-03
202,Tracey Hayes,westjames@example.com,"63361 Mark Loaf Bethanytown, IN 78589",2021-04-22
203,Nicholas Mendoza,tony33@example.net,"754 Ashley Union Apt. 625 Gloriafurt, AK 94098",2024-05-17
204,Ryan Craig,amills@example.org,"19010 Martin Flat Suite 267 New Sergiomouth, WY 05947",2024-01-05
205,Joseph Harrell,colekaren@example.org,"39494 Ronnie Rapid South Franciscoborough, NH 66022",2024-01-07
206,Alicia Wagner,dgomez@example.org,"PSC 5194, Box 8978 APO AP 37313",2024-05-22
207,Natalie Ramos,evanskristine@example.org,"60414 Santos Mount Apt. 961 Garrettside, WY 73136",2024-02-20
208,Thomas Harrell,suarezjames@example.org,"065 Dixon Lodge Port Williamfurt, DE 53996",2021-11-10
209,Nicole Gonzales,knoxbruce@example.net,"528 Patrick Turnpike Suite 940 Josephfurt, OK 64417",2024-01-25
210,Richard Rogers,westjoshua@example.org,"5161 Mitchell Ramp Rhondaborough, CT 49880",2020-01-21
211,Holly Anderson,ricardoball@example.net,USNS Gordon FPO AA 57629,2024-05-26
212,Gina Valencia,bandrews@example.org,"0400 Derek Streets Apt. 641 Oliviamouth, WV 12081",2020-08-01
213,Elizabeth Cantrell,wayne87@example.com,"83612 James Ford Suite 047 Tuckerport, PR 02121",2022-10-28
214,Cynthia Gomez,fphelps@example.org,"511 Jaime Road Johnberg, ND 14451",2022-01-20
215,Robert Elliott,bmitchell@example.org,"63464 Ryan Radial Suite 317 West Christine, PW 51352",2022-08-31
216,Scott Kirk,ejackson@example.com,"6230 Sanders Way Johnmouth, AL 35353",2024-04-25
217,Mitchell Singleton,amanda94@example.net,"2096 Debbie Dale Apt. 573 North Brian, PW 31286",2023-09-07
218,Alexandra Miller,qstein@example.org,"575 Jones Orchard Suite 811 New Hannahborough, MI 53747",2022-12-11
219,Mary Nelson,davidgreen@example.com,"403 Pamela Forge Murilloport, SC 13971",2023-04-30
220,John Hawkins,johnmoore@example.net,"350 Scott Divide Suite 788 Fieldschester, AZ 85613",2020-06-07
221,Annette Morris,william44@example.org,"9428 Williams Union Toddborough, MT 82715",2022-07-07
222,Kevin Barnes,steven79@example.com,"4331 Mcintyre Orchard Hoffmanville, GU 91645",2022-01-11
223,Jared Heath,tamara55@example.org,"76467 Jennifer Pike New Ethan, KS 17535",2024-05-10
224,Brian Brewer,figueroadaniel@example.net,"667 Harris Flats Apt. 500 Langmouth, OK 46054",2022-02-24
225,Juan Stewart DDS,lori62@example.net,"25362 Katelyn Ranch Suite 306 Michellemouth, ID 23291",2022-01-25
226,Rachael Hughes,sarafrye@example.net,"PSC 0616, Box 1217 APO AE 65116",2023-06-02
227,Brandon Oconnell,cynthialittle@example.com,Unit 7377 Box 6991 DPO AP 87542,2022-11-03
228,Alexander Baker,brianespinoza@example.com,"0132 Spencer Crest Apt. 351 Davistown, MD 89434",2022-05-26
229,Jessica Vega,julie94@example.org,"PSC 1342, Box 0237 APO AA 89574",2024-02-01
230,Dr. Christina Simmons,meagan21@example.net,"PSC 3934, Box 9189 APO AE 83160",2023-04-07
231,Michael Frey,deanna08@example.org,"855 Waters Road Suite 352 Williamsville, TX 12117",2021-07-30
232,Mrs. Anne Adkins DDS,lbrown@example.com,"16171 Paula Curve North Brad, OK 64030",2023-01-11
233,Robert Russell,tarajacobs@example.com,"18013 Anthony Way Apt. 569 West Charles, MA 62632",2021-10-23
234,Lisa Wyatt,sean79@example.org,"931 Edward Skyway New Travis, TX 39589",2020-12-01
235,James Griffin,katherine84@example.net,"036 Hays River West Jenniferberg, AZ 69815",2020-04-24
236,Douglas Casey,laurenfields@example.com,"8823 John Valley Port Adam, VA 33607",2023-04-17
237,Keith Martinez,rose01@example.net,"1669 Brewer Squares Suite 882 Davidmouth, MA 36307",2022-11-08
238,Hunter Wilkins,davisbrittany@example.net,"07590 Donaldson Lake Foxstad, KY 65521",2021-08-10
239,Pamela Villanueva,melissa85@example.com,"99879 Hansen Village Apt. 382 Port Jessica, MD 16073",2020-02-20
240,Brian Page,williamselizabeth@example.org,"8083 Ortiz Manor Smithtown, MI 37259",2022-01-19
241,Thomas Owens,ocarrillo@example.net,"22529 Angela Pines Suite 425 South Danafort, DC 67917",2022-05-02
242,Nicole Thompson,jdouglas@example.org,"411 Evans Village Apt. 900 Bonnieton, PW 31262",2023-04-04
243,Angelica Bond,meganbarnett@example.com,Unit 5159 Box 7608 DPO AP 67263,2023-03-07
244,Melissa Barr,christinaturner@example.com,"8193 Charles Stravenue Branditown, AS 48801",2022-10-10
245,Alex Rangel,james89@example.net,"7690 Hall Ranch Odonnellmouth, CO 99365",2020-12-07
246,Sandra Bush,huertamichael@example.net,"PSC 4674, Box 1667 APO AA 74879",2023-02-02
247,Jeffrey Vasquez,jeremiah19@example.com,"90450 Gonzalez Stream Clintonmouth, IA 80562",2020-06-20
248,John Campbell,morgan41@example.net,"206 George Ramp Suite 331 Danielport, CO 50608",2022-07-17
249,Stephanie Gonzalez,wbates@example.com,"7392 Megan Overpass Suite 680 Hinesborough, IN 03583",2022-05-12
250,Michael Sandoval,rdaniel@example.com,"886 Patricia Trafficway Suite 685 Katherinefurt, IL 76530",2021-12-04
251,Barbara Jenkins,amanda17@example.org,"5552 Jose Port Suite 779 West Collin, AK 64826",2023-11-05
252,Rhonda Jordan,ijames@example.net,"55952 Ashlee Crescent Apt. 091 North Andreastad, CT 27930",2023-04-19
253,Keith Butler,umartinez@example.com,"38705 Jackie Fork Lambville, AK 98948",2020-01-09
254,Danny Macdonald,mendozawilliam@example.com,Unit 7922 Box 5639 DPO AP 84562,2023-08-23
255,Kristopher Snyder,courtney84@example.org,"36212 Jonathan Summit Apt. 694 North Daniel, CT 62344",2020-08-31
256,Tiffany Allen,chad13@example.org,"8418 Garza Alley Torresbury, OK 84282",2023-07-31
257,Samuel Clark,angelica27@example.com,"4021 Brian Crest Suite 984 Lake Ashley, AS 15880",2024-08-26
258,Christopher Johnson,paulrivas@example.net,"703 Stacy Avenue Duncanberg, WA 96419",2024-08-21
259,Jason Day,amandapearson@example.org,"6092 Mark Tunnel Suite 614 Bakerstad, MH 01521",2024-10-02
260,Allison Chavez,angela47@example.org,"4448 Graham Wall Suite 680 Dennisfurt, VA 84921",2023-06-27
261,Brooke Martinez,james05@example.com,"18507 Denise Ridges Suite 786 Lake Renee, MN 33794",2020-03-20
262,Peter Leblanc,gina54@example.org,"259 Jamie Light New Mark, MH 09458",2023-12-10
263,Sheryl Adkins,robinphillips@example.net,"219 Joseph Key Henryhaven, GA 45697",2023-01-06
264,Laura Chandler,wtaylor@example.com,"PSC 7166, Box 0287 APO AP 20429",2021-10-28
265,Kenneth Goodwin,lauren54@example.net,USNS Torres FPO AA 67401,2023-08-17
266,Dean Carpenter,rodriguezamy@example.org,"9117 Rodriguez Parkways Apt. 345 Hallberg, OK 35902",2022-09-08
267,Julie Myers,jeffreymoore@example.net,"638 Davis Island Port Nancy, NV 98546",2021-07-20
268,Elizabeth Torres,ortizkathy@example.net,"PSC 7267, Box 2020 APO AP 13901",2022-02-13
269,Whitney Lin,hayesrobin@example.com,"29739 Sarah Ville Suite 508 Kellyland, DE 26964",2020-03-13
270,Victor Phillips,dsellers@example.org,"03405 Scott Viaduct North Michelletown, IL 28201",2022-07-22
271,Nicholas Mathews,melissa67@example.net,Unit 2859 Box 8056 DPO AE 52943,2020-08-30
272,Anne Irwin,danny36@example.com,"4314 Owens Lights Eddieland, AZ 24311",2023-10-26
273,Megan Glass,acrawford@example.org,"273 Pamela Causeway Joshuaview, CA 90509",2022-06-24
274,Robert Harrison,brian71@example.com,Unit 7063 Box 1752 DPO AA 44540,2021-08-12
275,Diana Simmons,anthony90@example.com,"97638 Kendra Ports Suite 945 South Lisamouth, WI 02317",2024-09-24
276,David Pearson,kevin53@example.com,"9319 Amanda Mountain West Paulhaven, KS 21354",2023-04-10
277,Fernando Daugherty,brucemonica@example.org,Unit 1286 Box 1136 DPO AP 90561,2020-04-14
278,Danny Bryant,josephjohnson@example.org,"1087 Jacobs Isle Evansberg, DC 78732",2023-03-04
279,Sarah Jones,pmurray@example.com,"7043 Michelle Street South Jo, PW 13907",2023-05-11
280,Katherine Nguyen,cvaughn@example.org,"01876 Walter Wall Suite 237 North Laurenport, VA 50764",2020-10-15
281,John Lewis,agallegos@example.com,"286 Smith Row Suite 312 North Randy, GU 19525",2024-06-18
282,Beth Rowe,jacob16@example.org,"9156 Kelley Shoal Christieport, MI 67393",2023-02-16
283,Kyle Watson,chelseyball@example.net,"457 Clark Lodge Apt. 931 Maloneborough, AZ 91538",2020-08-12
284,Colleen Moore,lunakenneth@example.org,"67740 Joseph Mission Heatherton, WA 04051",2020-01-06
285,Jason Smith,breannabarrera@example.com,"6108 Charles Shore Apt. 769 Mikeshire, SC 30321",2024-07-01
286,Diana Smith,lindajenkins@example.org,"87832 Jensen Trace Mendozastad, MI 21974",2021-10-23
287,Michael Brown,russelljackie@example.org,"4361 Hatfield Way Suite 977 North Evelynport, WY 26301",2024-08-12
288,Jennifer Wright,ejohnson@example.org,"67413 Matthew Way Apt. 750 North Stefanieberg, MS 30055",2021-12-17
289,Scott Melendez,katherine39@example.org,"06027 Jeremiah Falls Dunnfurt, AZ 43175",2020-05-12
290,Joshua Scott,grodriguez@example.net,"8371 Perez Harbor Apt. 099 East Jeremyview, CA 47491",2021-01-22
291,Christopher Torres,laurabuck@example.org,"8827 Brown Drives Jeremyside, OR 96669",2020-01-22
292,Thomas Miller,adam00@example.com,"546 Shane Plain Goodmanside, CO 08886",2023-05-27
293,Sarah Browning,monica84@example.com,"3956 Morrison Bridge Suite 989 West Tonyfort, UT 81727",2023-06-17
294,Amanda Robbins,donna82@example.com,"6957 Mcfarland Forest Vickiemouth, CO 78907",2024-07-24
295,Thomas Smith,jimenezmichael@example.com,Unit 7708 Box 8970 DPO AP 36977,2023-08-22
296,Michael Roberts,williamroberts@example.com,"056 Small Trail Apt. 498 South Joseburgh, HI 84880",2022-03-08
297,Elizabeth Brown,bryan35@example.net,"188 Cynthia Parkway Port Christian, KY 60949",2024-07-22
298,Daisy Long,patrickwhitney@example.net,"13494 Smith Squares North Kathleen, GU 47329",2023-07-04
299,Matthew Harmon,hardingkevin@example.net,"848 Ryan Viaduct North Andrewtown, AS 82432",2024-02-14
300,Judith Brown,moodyveronica@example.com,"102 Kimberly Ford Maryland, AZ 05007",2024-07-27
301,Donald Martin,ldavis@example.com,"9453 Galloway Loaf Port Robert, WY 12273",2020-12-06
302,David Anderson,annettekoch@example.net,"464 Jeffrey Squares Suite 039 East Darrenmouth, GU 03926",2021-02-13
303,Stephanie Adams,dillon75@example.net,"7667 Cruz Canyon Suite 473 Port Joe, NE 28221",2020-04-10
304,Richard Davis,karen28@example.com,"12643 Flowers Crossroad Suite 409 Mcdonaldburgh, DC 56630",2023-06-09
305,Christopher Parker,mwillis@example.net,Unit 6600 Box 8031 DPO AE 98653,2024-06-22
306,Natalie Newman,taylorjordan@example.org,"317 Charlene Street Suite 044 South Jonathonberg, CA 50935",2021-03-18
307,Joshua Carter,aday@example.org,Unit 6390 Box 8188 DPO AE 72000,2024-01-09
308,Dakota Allen,andrea57@example.org,"PSC 0930, Box 9187 APO AA 20727",2020-09-17
309,Danielle Nelson,andrea36@example.com,"4665 Jeremy Terrace Suite 980 New Jessicastad, KS 13043",2020-12-24
310,Jennifer Clark,qnichols@example.org,"7310 Allison Overpass Apt. 985 Murilloland, VI 14479",2021-09-13
311,Terry Martin,mollymorgan@example.net,"7717 Glass Fork North Brenda, GU 07008",2022-12-16
312,Loretta Anderson,qnguyen@example.org,"85791 Burch Parkways Apt. 982 South Jacqueline, CO 77342",2020-04-02
313,Jean Benson,rose31@example.org,"PSC 6800, Box 1600 APO AE 87385",2024-05-19
314,Michael Moreno,acrawford@example.org,"5460 Nguyen Bridge Port Robertville, AS 13986",2020-04-30
315,Robert Le,shawn74@example.net,"52590 Luis Plaza South Pedrohaven, ND 66995",2024-05-09
316,Rhonda Smith,crawfordcarly@example.net,"3854 Harrell Rue North David, VI 62139",2020-12-13
317,Sophia Reilly,olsonjack@example.com,"309 Jennifer Vista Suite 108 Shawnport, VI 96904",2023-12-25
318,Billy Anderson,michelle83@example.org,USNS Adkins FPO AE 63620,2021-02-16
319,Mary Clark,brittneyburgess@example.com,"27781 Melissa Meadow Port Clintonberg, IL 68866",2021-11-17
320,Amanda Briggs,caroline42@example.net,"7304 Hernandez Cliffs East Amber, OR 98534",2022-10-20
321,Chelsea Willis,jacob12@example.com,"79737 Ashley Garden Apt. 004 Lisahaven, PA 77045",2021-09-09
322,Derek Gomez,kennedyelizabeth@example.org,"PSC 5231, Box 6450 APO AE 41426",2023-10-21
323,April Brown,kingsheri@example.net,"9681 Barber Avenue Apt. 561 Scottmouth, SC 26062",2024-05-07
324,Rachel Serrano,hillcarlos@example.net,"4904 Gutierrez Bypass East Austinchester, OH 20309",2020-11-27
325,Christopher Weber,aaron29@example.net,"563 Derrick View Apt. 049 Davidborough, PW 73051",2024-02-21
326,Kimberly Snyder DDS,theresa10@example.com,"PSC 3670, Box 4048 APO AP 47036",2022-05-26
327,Christopher Johnson,lucaslaura@example.com,"570 Potter Lodge Apt. 788 North Danielle, GU 93512",2020-08-26
328,John Vargas,jjenkins@example.org,"932 Debbie Plaza Suite 344 South Alyssaburgh, MI 80678",2022-08-02
329,William Torres,paulmaxwell@example.net,"056 Michelle Fall Suite 223 Port Mollyfort, NM 61962",2023-01-21
330,Kristy Rodgers,cwilson@example.org,"513 James Crossroad Halltown, MN 09991",2021-11-11
331,Christopher Velazquez,pjones@example.com,USCGC Greene FPO AP 76846,2023-05-02
332,Ronnie Aguilar,guzmancharles@example.com,Unit 9177 Box 2026 DPO AA 69788,2023-11-06
333,Christine Vance,jerryrobbins@example.com,"6783 Anderson Greens Lake Allison, HI 72580",2023-04-11
334,Ryan Jackson,kmassey@example.com,"5262 Matthew Forges Suite 361 North Brent, MD 33817",2024-02-08
335,Andrew Stephenson,nking@example.net,"36155 Cory Inlet West Austinland, NV 88188",2020-07-28
336,Joseph Smith,phillip54@example.net,"084 Conrad Trail Suite 635 Gailstad, RI 21965",2024-09-15
337,Michelle Knight,hutchinsonamy@example.net,"61965 Lauren Curve Apt. 322 Yolandaview, GU 80999",2021-03-24
338,John Marshall,foconnor@example.com,"697 Mcdaniel Plains East Earl, FL 22757",2023-03-29
339,Jared Anderson,gloria19@example.com,"618 Ryan Parkway South Sarahmouth, PR 07585",2021-04-25
340,Kristopher Brewer PhD,erinpark@example.net,"30000 Henry Rapids Apt. 750 Josephton, VI 74538",2021-03-27
341,Richard Martin,qmanning@example.net,"018 Aaron Rue Suite 513 Devonberg, HI 99085",2021-06-22
342,Margaret Lee,matthewmartinez@example.net,"PSC 0802, Box 5916 APO AP 56341",2024-01-14
343,Frank Leonard,bwaters@example.org,"92365 Salazar Common Suite 355 East Raymondmouth, MD 48327",2020-05-16
344,Robert Harris,louis98@example.com,"783 Hall Road Bakermouth, UT 71550",2023-04-07
345,Christian Shaffer,nicole00@example.net,"01372 Kirk Village Melissahaven, NJ 13347",2020-04-23
346,Jonathan Sullivan,lauramontgomery@example.net,"712 Baker Lake Apt. 491 North Tracyborough, MD 55301",2020-03-17
347,Stacy Adams,mhayes@example.org,"7105 Reginald Garden Suite 574 West Hollychester, TN 24795",2023-02-11
348,Kenneth Mitchell,tjohnson@example.com,"047 John Crossroad South Lauren, MD 51781",2023-10-25
349,Tara Mcgrath,christopher37@example.org,"5170 Jeffery Ridges West Coryfurt, MP 40381",2024-04-13
350,Sharon Hendrix,alicia84@example.org,"462 Michael Harbors Apt. 972 Rossmouth, OK 26296",2023-07-11
351,Raymond Cruz,pamelalee@example.net,"6555 Haley Gardens Port Sean, CT 11605",2022-08-06
352,Chelsea Hoffman,klopez@example.net,USNV Hughes FPO AE 58695,2021-01-12
353,Alisha Osborne,laura27@example.com,"8141 Smith Square Jonathanview, AZ 07980",2020-09-21
354,Tammy Trevino,michelle65@example.net,"74372 Austin Port Lake Meganhaven, MP 88641",2022-05-11
355,Carrie Schroeder,chale@example.com,"11991 Martin Garden Pollardstad, ND 48818",2024-04-18
356,Sarah Mcgee,beasleybeth@example.com,"235 Smith Flats New Vanessa, TX 74185",2020-11-25
357,Ruth Delgado,shannon15@example.org,"252 Amanda Neck Apt. 419 Barberland, NM 69529",2022-04-18
358,Terrence Owens,pmcneil@example.com,"47556 Wilson Harbor Suite 017 Port Elizabethtown, LA 56206",2023-07-17
359,Jaclyn Bell,krystal16@example.net,"5061 Williams Place Apt. 325 Amandaville, AL 08851",2022-01-27
360,Jennifer Travis,karen85@example.org,"4310 Andrews Plain Port Ryanville, GA 58254",2020-11-21
361,Sylvia Jimenez,sandra08@example.net,"831 Berg Knoll Ashleyburgh, GU 35386",2020-05-07
362,Spencer Vang,ryanperez@example.com,"20565 Patrick Villages Apt. 779 East Kristin, NE 72690",2024-02-23
363,Wayne Carlson,mmiller@example.com,"36225 Brad Plaza East Whitney, UT 73958",2021-02-25
364,Ryan Davis,morenotanya@example.com,"533 Kimberly Streets West Jasmineborough, CA 37411",2023-02-23
365,Daniel Nelson,reynoldsdavid@example.com,"1028 Richard Forge Lake Jennifer, NE 30385",2022-01-25
366,Michael Roy,littleashley@example.net,"1560 Haley Brook Suite 527 Johnville, NE 52137",2020-05-08
367,Regina Jones,alanmitchell@example.net,"7525 Michelle Bridge Apt. 695 South Arielview, VA 76350",2020-06-12
368,Brett Alexander,willie95@example.com,"446 Jason Club Apt. 859 New Justinbury, PW 13488",2022-04-24
369,Benjamin Reyes,theodore22@example.net,"516 Faith Bypass West Elizabethmouth, FL 67649",2024-02-28
370,Michael Rollins,zatkins@example.org,"7827 Jason Park Apt. 196 Michaelborough, WI 51609",2021-09-17
371,Sharon White,brettroberts@example.net,"0343 David Harbor Apt. 941 Youngstad, OK 65866",2023-10-18
372,Aaron Brown,patrickkhan@example.net,"2209 White Island New Emilystad, HI 17271",2021-02-04
373,Jaime Gibson,jilldavis@example.com,"PSC 4576, Box 5297 APO AA 28661",2022-07-13
374,William Christensen,fraziermatthew@example.net,"2442 Adam Rue South Mark, MH 98033",2021-12-19
375,Julie Green,joy96@example.org,"24749 Williams Mount Apt. 961 West Joanna, AZ 72603",2023-12-25
376,Robert Strickland,gregorymiller@example.com,"88510 Destiny Ridges Apt. 509 Port Zacharyland, VA 09232",2021-05-22
377,Connor Conner,lpatterson@example.org,USS Guerra FPO AP 54136,2021-03-25
378,Nicole Mccann,john50@example.com,"483 John Forks East Micheal, MI 89032",2020-10-16
379,Renee Johnson,blakeharold@example.net,"624 Phelps Common Turnerberg, KY 90508",2022-09-21
380,Erin Olsen,deannamartinez@example.com,"66524 Taylor Spur Watsonburgh, IA 14062",2021-08-18
381,Ernest Adams,fwatkins@example.org,"79391 Bonilla Port Lake Alexandraberg, VT 51029",2024-10-07
382,James Hayes,nicholasbuck@example.net,"905 Moore Fort Kellyside, AS 93625",2024-10-07
383,Richard Mckinney,hamiltonmichael@example.net,"PSC 4271, Box 1696 APO AE 96921",2023-06-11
384,Gregory Merritt,hendrixerin@example.org,Unit 8853 Box 1545 DPO AA 92480,2023-09-09
385,Jennifer Burns,richardronald@example.com,"791 Fox Points Apt. 093 Valdeztown, SD 48990",2021-09-28
386,Alexis Wagner,angelaruiz@example.org,"15361 Cynthia Walks South Melissaberg, VA 54024",2020-05-11
387,Lawrence Perry,rhondahenderson@example.org,"978 Horn Lake Suite 142 Jonathanbury, HI 62088",2022-05-15
388,Jordan Anderson,matthew45@example.com,"33355 Greer Mountains Apt. 606 North Amanda, WV 53286",2022-11-18
389,Heather Kelley,twalker@example.com,"9879 Tara Mill North Victoriabury, NV 33303",2022-06-18
390,Christina Hernandez,vgarcia@example.com,"0688 Johnny Points West Jill, MI 15427",2021-01-22
391,Jason Roth,umartinez@example.com,"0108 Adam Hollow Port Curtisburgh, NE 53144",2021-08-28
392,Lauren Hernandez,janicegonzalez@example.org,"155 Klein Mountains North Samantha, DE 61462",2020-06-20
393,David Odom DDS,nsampson@example.net,"59946 Carter Causeway Smithfort, ME 22394",2023-02-05
394,Kim Wood,collinskeith@example.net,"0574 Bobby Cliffs South Paulaville, VT 01270",2022-09-04
395,Alyssa Nunez,hsnow@example.net,"456 Hernandez Crossing North Linda, PA 60941",2024-07-15
396,Carlos Robinson,yvillarreal@example.org,"446 Charles Oval Suite 244 Mcphersonfort, PW 48515",2022-05-12
397,Rhonda Cordova,vbrown@example.net,"PSC 0758, Box 0385 APO AP 86519",2020-07-26
398,Travis Mckee,margaretschaefer@example.com,"9946 Mary Path New Amandachester, NY 03144",2024-08-02
399,Gregory Martinez,matthew50@example.net,"011 Brandi Pines Apt. 883 Loganberg, AL 74155",2022-03-12
400,Brenda Gill,daniel02@example.net,"694 Park Spring Matthewchester, NY 43540",2020-10-16
401,Jennifer Ayala,castillothomas@example.com,"621 Arnold Lane Schroederberg, WI 79095",2021-06-11
402,Emily Robertson,edwardlowery@example.org,"644 Timothy Parkways Suite 485 Lake Kathleen, OH 80635",2023-11-21
403,Tony Moore,davidmarshall@example.net,"2532 Patterson Drive Suite 455 Teresatown, OK 27777",2024-08-03
404,Eric Davis,marywood@example.org,"205 Waters Rest Apt. 121 Nicoleport, PA 64094",2020-10-09
405,Andrew Schultz,rbarber@example.com,"51392 Heidi Branch Apt. 342 Port Ashleyview, TN 74510",2021-12-07
406,Michael Walker,valerie71@example.com,"6327 Robinson Drive Suite 801 Matthewside, MN 48457",2020-01-16
407,Steven Petersen,rioselijah@example.org,"4029 Mary Route Apt. 401 Susanport, WI 99022",2024-05-08
408,James Martinez,sgordon@example.com,"665 Theresa Hill Suite 488 Brownmouth, OR 99156",2023-04-17
409,Anthony Weaver,shelly15@example.net,"42622 Hamilton Glen Anthonyville, RI 69213",2021-03-11
410,Mary Gregory,jbanks@example.com,"52447 Armstrong Isle Apt. 013 Port Laurenmouth, IN 23660",2021-03-29
411,Ralph Weaver,cohenleonard@example.org,"585 Pamela Points Kathytown, ME 69049",2021-06-09
412,Stephanie Jackson,jesseharmon@example.net,"72650 Miller Burgs Apt. 192 New Terrancetown, MH 35358",2021-01-26
413,Casey Vance,matthewbrown@example.net,"3493 Ruth Fords Angelaborough, IA 39700",2024-03-10
414,Amanda Wright,martinezsharon@example.org,USNV Coleman FPO AA 48748,2021-09-06
415,Jennifer Smith,martinezjacqueline@example.net,"5046 Julie Prairie Lake Tonyfurt, RI 89860",2024-05-16
416,Jennifer Fox,tsampson@example.org,"676 Kenneth Junctions Apt. 633 Lake Heidi, AK 69956",2024-06-14
417,Jonathan Dunlap,travis63@example.net,"825 Garcia Flats Matthewchester, WA 81574",2021-11-13
418,Jonathan Owen,vaughnanna@example.net,"1465 Hannah Extension Suite 777 Michelleville, OH 76115",2022-07-14
419,Misty Lewis,eyoung@example.net,"1171 Pratt Drive Port David, RI 04540",2021-01-05
420,Juan Watkins,gmills@example.org,"1009 Joshua Haven Port Charles, AZ 39343",2023-03-16
421,Brittney Medina,jlopez@example.com,"3371 Harris Villages Richardsonland, OR 04482",2021-11-01
422,Kimberly Hughes,xlewis@example.org,"1233 Thomas Avenue Martinland, IN 48570",2021-03-31
423,James Fields,johnholmes@example.com,"63530 Barbara Union Suite 852 Marystad, MD 62918",2022-02-05
424,Valerie Willis,catherine17@example.net,"7580 Michael Landing East Erinfurt, NC 77632",2022-02-14
425,Bradley Robinson,troyherrera@example.net,"6902 Mitchell Lane Alisonchester, SC 92145",2021-01-27
426,Tyler Meyer,ledesiree@example.com,"24519 Spencer Light Suite 206 Alexville, MP 81378",2023-09-16
427,Justin Bradley,yateslisa@example.net,"9418 Crane Roads East Rose, WI 26534",2020-07-28
428,Amber Johnson,erin25@example.com,"4528 Rickey Terrace Apt. 247 East James, DC 14718",2021-01-22
429,Russell Boyer,rossgary@example.com,"PSC 4525, Box 8021 APO AA 31961",2022-05-30
430,Stephanie Smith,william59@example.net,"7954 Stout Greens Suite 363 Michaelton, NJ 55860",2023-09-27
431,Jesus Rivas,xgrant@example.org,"99631 Brandon Heights Suite 244 Joshuaport, OK 88352",2024-04-01
432,Anthony Harris,gomezerin@example.net,"22328 Li Trafficway Apt. 243 Nicholasshire, FM 78544",2024-03-28
433,Elizabeth Terry MD,chungmonica@example.com,"3680 Shannon Green Lake Maria, LA 31812",2021-12-09
434,John Lawson,michaelwood@example.net,USNV Rodriguez FPO AE 68044,2024-05-29
435,Kristina Wilson,abrowning@example.com,"63890 Matthew Circles Apt. 570 North Steven, LA 79728",2024-06-29
436,Lindsay Delacruz,ian53@example.org,Unit 5973 Box 4520 DPO AE 30168,2022-08-24
437,Christopher Wade,dpierce@example.com,"921 Wilson Canyon Suite 468 Mejiamouth, MH 94282",2024-07-12
438,Kayla Olson,hendersonchristopher@example.net,"0634 Brandon Junctions South Wesley, ME 41099",2023-06-18
439,Jodi Green,janet27@example.net,"94556 Tran Port Apt. 036 South Casey, VI 72490",2021-11-06
440,Joseph Gutierrez,smithmelissa@example.net,"330 Jake Neck Port Nancyland, ME 19462",2020-07-01
441,Eric Wilkerson,ngates@example.net,"3951 Perez Keys Suite 696 Boydberg, VA 67678",2023-08-01
442,Eddie Murphy,dale52@example.com,"556 Peterson Path Jamesside, KS 63072",2023-04-22
443,Lauren Hill,reynoldsjohn@example.com,"9241 Tucker Ways Suite 533 South Andreamouth, GU 76703",2020-12-20
444,Samantha Hoffman,daybrenda@example.com,"749 Jesus Points Denisefort, PW 41133",2020-12-24
445,Rhonda Jackson,ryancantrell@example.com,"00344 Daniel Union Suite 396 New Maria, IA 64923",2021-01-09
446,Kristen Snow,kaitlynbailey@example.com,"00720 Peter Valleys Suite 543 Michellefort, GA 04211",2022-02-20
447,Thomas Larson,justin67@example.com,"39162 Zuniga Springs Hooverstad, PR 03521",2022-08-16
448,Shelia Montgomery,nathan15@example.org,"981 Daniel Vista Lawsonmouth, WA 21821",2023-08-19
449,Dr. Mark Choi,mendozagary@example.com,"2817 Brenda Lakes Josephland, SD 86546",2021-02-23
450,Rachel Dalton,jennifer67@example.net,"PSC 5878, Box 7730 APO AP 50624",2022-12-27
451,Gabriela Dixon,schmidtjohn@example.org,"253 Elijah Plaza North Alison, IL 20259",2024-08-28
452,Adam Smith,jacob54@example.org,"31904 Deborah Course Port Kim, ND 78958",2023-10-10
453,Kevin Tran,ryan48@example.org,USNS Morrow FPO AE 60025,2024-07-14
454,Sheila Miller,kirkcooper@example.com,"31570 Hunter Views Apt. 815 Hartmanborough, LA 10654",2021-05-01
455,Matthew Yu,ianwood@example.org,"325 Anthony Path Espinozahaven, SD 29739",2020-06-14
456,Phillip Garcia,tasha14@example.com,"681 Roberta Estates Stewartberg, IL 48555",2022-01-05
457,Leonard Watkins,tanyakennedy@example.com,"6901 Susan Vista Hernandezstad, OR 43484",2022-06-28
458,Dr. Shelly Cohen MD,egardner@example.com,"73943 Antonio Mill Apt. 761 Oneillville, MP 63014",2023-10-20
459,Courtney Mason,harrissuzanne@example.com,"791 Baker Locks Suite 142 Lake Amandastad, WV 87891",2024-01-30
460,Lauren Brown,james49@example.com,"14414 Murphy Well Friedmantown, RI 95531",2020-06-17
461,Steven West,averyrodney@example.net,"4745 Christine Squares East Thomas, PA 38691",2021-01-02
462,Jeffrey Johnson,herreraeric@example.org,"7762 Johnston Walk Keithshire, WV 52659",2023-05-08
463,Tracy Richardson,qmcgee@example.com,"9320 Ryan Freeway Apt. 151 South Margaretside, VA 48807",2022-03-03
464,Juan Norman,alisonmccarthy@example.net,"825 Ford Curve Mauricefort, PW 18750",2024-05-02
465,Mary Hurst,shannon76@example.org,"144 Mcmahon Path Apt. 600 Scottmouth, MT 21999",2024-01-05
466,William Mitchell,dawsonjennifer@example.org,"6380 Noah Springs Port Williambury, OR 11704",2023-10-13
467,Ann Jones,zbeltran@example.com,"13103 Michael Rapid Suite 948 Lauraview, RI 40996",2020-05-21
468,William Stewart,edwin39@example.com,"3573 Anderson Glens South Karen, MD 38892",2022-11-26
469,Kathleen Walker,cphillips@example.com,"9162 Bauer Pike New Michael, FM 84265",2023-07-11
470,Alan Garcia,ygarcia@example.com,USNS Villegas FPO AP 48384,2023-01-25
471,Monica Stone,collinsmichael@example.org,"1512 Dominguez Harbor Montgomeryborough, PA 31075",2022-12-01
472,Tristan Brady,mitchelljohn@example.com,"526 Powell Trafficway Apt. 300 Mccarthybury, ME 09930",2022-05-29
473,Kelly Rodriguez MD,alexishayes@example.com,"79387 Young Mission Greenview, CT 81167",2023-02-04
474,Morgan Morrison,gwheeler@example.net,"18884 Strickland Forest North Jillian, WA 46403",2021-04-23
475,Ann Werner,qbutler@example.net,"79580 Jason Brook Goldenberg, NV 02088",2024-01-22
476,Ryan Johnson,jimmyortiz@example.net,USNS Scott FPO AE 28421,2024-04-09
477,Darren Briggs,christinedudley@example.org,"8571 Murphy Crossing Lake Michael, AL 75036",2023-04-21
478,Kyle Lloyd,wellscarl@example.net,"3626 Rodriguez Knolls Suite 391 Port Daniellemouth, ME 63757",2023-09-07
479,Jennifer Jackson,walkerjoseph@example.org,"993 Natalie Points Suite 618 Rodriguezbury, OK 79517",2021-08-29
480,Thomas Cantrell,torrestimothy@example.com,"64293 Patrick Forks Apt. 320 Rothburgh, WA 68679",2022-05-23
481,Dr. Robert White,hardyjack@example.net,"59374 Kenneth Island Suite 704 Bryanfort, OK 11620",2023-02-15
482,Bryce Bailey,andrew04@example.net,"6457 Dean Mission North Amber, MS 75569",2023-08-14
483,Henry Curry,pwilliams@example.org,"20949 Timothy Parkways Suite 885 Garciaburgh, OR 23785",2021-05-02
484,Melanie Brown,cristianwood@example.com,Unit 8718 Box 8014 DPO AE 16851,2020-04-13
485,Richard Morris,dballard@example.com,"199 Holly Fort South Lauren, AS 28374",2020-11-26
486,Jillian King,vscott@example.org,"1439 Spencer Squares Suite 344 Port Isaiah, CO 96959",2021-12-31
487,Ian Morrison,thomasanna@example.org,"8026 Victoria Port Suite 905 Rubenside, OK 43268",2022-03-19
488,Christy Carrillo,smithabigail@example.org,"6674 Sean Squares Apt. 919 East Breannashire, PA 01186",2020-09-08
489,Joseph Jarvis,michellejohnson@example.net,"91140 Hill Trafficway Apt. 076 Port Josephshire, KS 43464",2022-04-28
490,Fernando Villegas,annpage@example.net,"46591 Susan Haven Seantown, AK 15712",2020-11-27
491,Terri Khan,christianbrewer@example.org,"412 Aguilar Wall North Victoriachester, NH 21633",2024-05-31
492,Anthony Harvey,patriciapham@example.org,"232 Matthew Ridges Suite 967 Port Brenda, IN 33396",2020-05-26
493,Sheila Foster,paulcastro@example.com,"967 Christopher Green Nelsontown, VT 70947",2024-09-30
494,Lisa Davis MD,maysjason@example.com,"1226 Gregory Road Apt. 452 New Mariaberg, PA 86862",2021-01-29
495,Richard Jacobs,martincaroline@example.com,"2581 Tonya Haven Apt. 702 South Chris, PA 22618",2022-11-07
496,Craig Turner,jessica27@example.com,"855 Laura Road Suite 172 Duanefurt, KY 71249",2024-07-15
497,Seth Shaw,hjones@example.net,Unit 8682 Box 5377 DPO AE 07572,2024-09-01
498,Ryan Anderson,vanessamoss@example.org,"00034 Michael Ridges Suite 186 South Caroltown, WV 19290",2023-09-11
499,Frank Russell,marymcfarland@example.org,"536 Michelle Point Courtneymouth, NJ 84462",2023-10-12
500,James Daniels,danielle30@example.org,"4980 Elizabeth Greens Suite 821 East Valerietown, NY 66643",2022-06-10
